Name,Price
RUSTET,₹248
MAAN INTERNATIONAL,₹289
VAN HEUSEN,"₹1,079"
DANIEL KLEIN,"₹3,808"
Benling,₹899
RUSTET,₹254
Mast & Harbour,"₹1,499"
KNT,₹394
Titan,"₹1,459"
SONATA,₹649
WHITE STONE,₹349
KNOWZ,₹316
SONATA,₹469
Ted Baker,"₹17,495"
Joker & Witch,₹949
VAN HEUSEN,"₹1,089"
NESTER,₹319
KNOWZ,₹337
KEVRAONLINE,₹311
SONATA,₹749
MAAN INTERNATIONAL,₹338
HINISH,₹399
Allen Solly,"₹1,249"
Joker & Witch,₹799
MAXIMA,₹319
Allen Solly,₹859
Jaxer,₹413
LOIS CARON,₹316
NUSELL,₹390
Fastrack,₹849
Rizino,₹309
KNOWZ,₹329
VAN HEUSEN,"₹1,009"
VAN HEUSEN,"₹1,179"
Unikzon,₹826
VAN HEUSEN,"₹1,269"
WHITE STONE,₹349
Wrightrack,₹599
TIMEX,"₹1,019"
SONATA,₹649
